序号,按音序排列,检字表,题型,子题型,题目,答案,选项一,选项二,选项三,选项四
2,A,蔼,选择题,2选1,和蔼可亲,蔼,蔼,霭,,
3,A,霭,选择题,2选1,暮霭沉沉,霭,霭,蔼,,
4,A,霭,选择题,2选1,雾霭蒙蒙,霭,霭,蔼,,
6,A,安,选择题,2选1,安居乐业,安,按,安,,
7,A,安,选择题,2选1,安装电话,安,安,按,,
8,A,按,选择题,2选1,按兵不动,按,安,按,,
27,B ,拜,选择题,2选1,甘拜下风,拜,拜,败,,
32,B ,报,选择题,2选1,蓄意报复,报,抱,报,,
33,B ,报,选择题,2选1,投桃报李,报,报,抱,,
34,B ,报,选择题,2选1,以德报怨,报,抱,报,,
35,B ,抱,选择题,2选1,远大抱负,抱,抱,报,,
36,B ,抱,选择题,2选1,抱怨不堪,抱,报,抱,,
44,B ,爆,选择题,2选1,火山爆发,爆,爆,暴,,
52,B ,妣,选择题,2选1,如丧考妣,妣,比,妣,,
55,B ,毖,选择题,2选1,惩前毖后,毖,毖,毙,,
57,B ,毙,选择题,2选1,束手待毙,毙,毖,毙,,
58,B ,毙,选择题,2选1,坐以待毙,毙,毖,毙,,
73,B ,璧,选择题,2选1,完璧归赵,璧,璧,壁,,
94,C,才,选择题,2选1,才华,才,才,材,,
111,C,惨,选择题,2选1,惨无人道,惨,惨,残,,
118,C,层,选择题,2选1,层出不穷,层,层,成,,
119,C,察,选择题,2选1,明察暗访,察,查,察,,
128,C,偿,选择题,2选1,得不偿失,偿,尝,偿,,
135,C,辰,选择题,2选1,良辰美景,辰,晨,辰,,
136,C,辰,选择题,2选1,夜望星辰,辰,晨,辰,,
137,C,辰,选择题,2选1,生辰吉时,辰,晨,辰,,
138,C,晨,选择题,2选1,霜晨,晨,晨,辰,,
139,C,晨,选择题,2选1,暮鼓晨钟,晨,晨,辰,,
140,C,晨,选择题,2选1,晨兴夜寐,晨,晨,辰,,
141,C,晨,选择题,2选1,寥若晨星,晨,晨,辰,,
142,C,称,选择题,2选1,称心如意,称,趁,称,,
150,C,嗤,选择题,2选1,嗤之以鼻,嗤,斥,嗤,,
154,C,充,选择题,2选1,充耳不闻,充,冲,充,,
155,C,冲,选择题,2选1,首当其冲,冲,充,冲,,
171,C,纯,选择题,2选1,炉火纯青,纯,成,纯,,
172,C,纯,选择题,2选1,纯然一色,纯,纯,醇,,
173,C,纯,选择题,2选1,纯粹,纯,纯,醇,,
174,C,纯,选择题,2选1,纯净,纯,纯,醇,,
175,C,纯,选择题,2选1,纯熟,纯,纯,醇,,
176,C,纯,选择题,2选1,纯真无邪,纯,纯,醇,,
177,C,醇,选择题,2选1,酒味醇美,醇,纯,醇,,
178,C,醇,选择题,2选1,大醇小疵,醇,纯,醇,,
179,C,醇,选择题,2选1,味道醇和,醇,纯,醇,,
180,C,醇,选择题,2选1,醇香,醇,纯,醇,,
181,C,疵,选择题,2选1,吹毛求疵,疵,刺,疵,,
182,C,辞,选择题,2选1,义不容辞,辞,词,辞,,
183,C,从,选择题,2选1,无所适从,从,从,丛,,
184,C,从,选择题,2选1,从善如流,从,从,丛,,
185,C,从,选择题,2选1,听从,从,从,丛,,
186,C,从,选择题,2选1,顺从,从,从,丛,,
187,C,匆,选择题,2选1,匆促,匆,葱,匆,,
188,C,匆,选择题,2选1,行色匆匆,匆匆,葱葱,匆匆,,
189,C,葱,选择题,2选1,葱茏,葱,葱,匆,,
190,C,葱,选择题,2选1,郁郁葱葱,葱葱,葱葱,匆匆,,
191,C,丛,选择题,2选1,丛莽,丛,从,丛,,
192,C,丛,选择题,2选1,百弊丛生,丛,从,丛,,
193,C,丛,选择题,2选1,百感丛集,丛,从,丛,,
194,C,从,选择题,2选1,轻装简从,从,从,丛,,
195,C,丛,选择题,2选1,食物丛杂,丛,从,丛,,
262,D,迭,选择题,2选1,迭挫强敌,迭,跌,迭,,
275,D,顶,选择题,2选1,绝顶聪明,顶,鼎,顶,,
276,D,顶,选择题,2选1,罚不顶罪,顶,鼎,顶,,
277,D,顶,选择题,2选1,顶尖人物,顶,鼎,顶,,
278,D,鼎,选择题,2选1,革故鼎新,鼎,鼎,顶,,
279,D,鼎,选择题,2选1,鼎盛时期,鼎,鼎,顶,,
280,D,鼎,选择题,2选1,鼎鼎大名,鼎鼎,鼎鼎,顶顶,,
281,D,鼎,选择题,2选1,鼎力相助,鼎,鼎,顶,,
282,D,订,选择题,2选1,订立,订,定,订,,
283,D,订,选择题,2选1,签订,订,定,订,,
284,D,定,选择题,2选1,定论,定,定,订,,
285,D,定,选择题,2选1,协定,定,定,订,,
290,D,杜,选择题,2选1,杜绝浪费,杜,杜,堵,,
291,D,度,选择题,2选1,欢度春节,度,渡,度,,
292,D,渡,选择题,2选1,渡过难关,渡,度,渡,,
293,D,渡,选择题,2选1,横渡长江,渡,度,渡,,
294,D,囤,选择题,2选1,囤积居奇,囤,屯,囤,,
295,D,咄,选择题,2选1,咄咄逼人,咄咄,咄咄,绌绌,,
296,D,堕,选择题,2选1,堕落腐化,堕,堕,坠,,
301,F,烦,选择题,2选1,要言不烦,烦,繁,烦,,
302,F,反,选择题,2选1,拨乱反正,反,反,返,,
303,F,反,选择题,2选1,易如反掌,反,翻,反,,
304,F,反,选择题,2选1,举一反三,反,反,返,,
305,F,反,选择题,2选1,义无反顾,反,返,反,,
306,F,反,选择题,2选1,物极必反,反,返,反,,
308,F,返,选择题,2选1,回光返照,返,反,返,,
309,F,返,选择题,2选1,返工重来,返,返,反,,
312,F,菲,选择题,2选1,妄自菲薄,菲,非,菲,,
314,F,蜚,选择题,2选1,流言蜚语,蜚,蜚,斐,,
323,F,分,选择题,2选1,安分守己,分,份,分,,
324,F,分,选择题,2选1,老实本分,分,分,份,,
325,F,分,选择题,2选1,分内之事,分,份,分,,
334,F,釜,选择题,2选1,釜底抽薪,釜,斧,釜,,
335,F,釜,选择题,2选1,破釜沉舟,釜,斧,釜,,
339,F,覆,选择题,2选1,翻来覆去,覆,复,覆,,
340,F,覆,选择题,2选1,天翻地覆,覆,覆,复,,
356,G,贡,选择题,2选1,贡献巨大,贡,供,贡,,
361,G,股,选择题,2选1,悬梁刺股,股,骨,股,,
375,G,诡,选择题,2选1,阴谋诡计,诡,诡,鬼,,
377,H,赅,选择题,2选1,言简意赅,赅,该,赅,,
385,H,亨,选择题,2选1,官运亨通,亨,享,亨,,
387,H,烘,选择题,2选1,暖烘烘,烘烘,烘烘,哄哄,,
388,H,宏,选择题,2选1,宽宏大量,宏,宏,弘,,
394,H,猾,选择题,2选1,老奸巨猾,猾,滑,猾,,
402,H,肓,选择题,2选1,病入膏肓,肓,盲,肓,,
415,H,豁,选择题,2选1,豁然开朗,豁,忽,豁,,
430,J,疾,选择题,2选1,奋笔疾书,疾,疾,急,,
451,J,嘉,选择题,2选1,嘉言懿行,嘉,佳,嘉,,
462,J,菅,选择题,2选1,草菅人命,菅,菅,官,,
465,J,拣,选择题,2选1,挑肥拣瘦,拣,捡,拣,,
475,J,节,选择题,2选1,开源节流,节,截,节,,
479,J,截,选择题,2选1,截长补短,截,接,截,,
480,J,截,选择题,2选1,直截了当,截,接,截,,
481,J,截,选择题,2选1,斩钉截铁,截,接,截,,
484,J,藉,选择题,2选1,含蓄蕴藉,藉,藉,籍,,
485,J,金,选择题,2选1,一诺千金,金,金,斤,,
489,J,噤,选择题,2选1,噤若寒蝉,噤,禁,噤,,
492,J,阱,选择题,2选1,陷阱,阱,井,阱,,
498,J,鸠,选择题,2选1,鸠形鹄面,鸠,鸠,鸩,,
500,J,咎,选择题,2选1,引咎自责,咎,疚,咎,,
501,J,俱,选择题,2选1,一应俱全,俱,俱,具,,
502,J,俱,选择题,2选1,面面俱到,俱,具,俱,,
503,J,俱,选择题,2选1,万籁俱寂,俱,具,俱,,
517,K,刊,选择题,2选1,不刊之论,刊,堪,刊,,
518,K,戡,选择题,2选1,戡平叛乱,戡,戡,勘,,
522,K,窠,选择题,2选1,不落窠臼,窠,窠,巢,,
524,K,克,选择题,2选1,克己奉公,克,刻,克,,
525,K,克,选择题,2选1,克勤刻俭,克,克,刻,,
526,K,脍,选择题,2选1,脍炙人口,脍,烩,脍,,
530,L,蜡,选择题,2选1,味同嚼蜡,蜡,蜡,腊,,
542,L,羸,选择题,2选1,身体羸弱,羸,嬴,羸,,
543,L,垒,选择题,2选1,森严壁垒,垒,垒,磊,,
544,L,累,选择题,2选1,危如累卵,累,磊,累,,
548,L,李,选择题,2选1,桃李满园,李,李,梨,,
570,L,例,选择题,2选1,史无前例,例,例,列,,
571,L,戾,选择题,2选1,暴烈恣戾,戾,戾,睢,,
573,L,栗,选择题,2选1,火中取栗,栗,栗,粟,,
574,L,唳,选择题,2选1,风声鹤唳,唳,唳,戾,,
575,L,俩,选择题,2选1,娘俩,俩,两,俩,,
578,L,联,选择题,2选1,蝉联冠军,联,联,连,,
579,L,联,选择题,2选1,珠联璧合,联,连,联,,
580,L,联,选择题,2选1,浮想联翩,联,联,连,,
581,L,敛,选择题,2选1,横征暴敛,敛,敛,殓,,
582,L,炼,选择题,2选1,炼成钢,炼,炼,练,,
583,L,炼,选择题,2选1,千锤百炼,炼,练,炼,,
584,L,粱,选择题,2选1,黄粱美梦,粱,粱,梁,,
585,L,寥,选择题,2选1,寥若晨星,寥,廖,寥,,
590,L,浏,选择题,2选1,浏览报纸,浏,流,浏,,
594,L,陆,选择题,2选1,飞机着陆,陆,落,陆,,
609,M,茅,选择题,2选1,名列前茅,茅,茅,矛,,
611,M,没,选择题,2选1,没齿不忘,没,没,末,,
612,M,昧,选择题,2选1,个中三昧,昧,味,昧,,
634,M,名,选择题,2选1,名片,名,明,名,,
640,M,明,选择题,2选1,明信片,明,名,明,,
641,M,明,选择题,2选1,明哲保身,明,明,名,,
642,M,明,选择题,2选1,明珠暗投,明,明,名,,
661,N,挠,选择题,2选1,抓耳挠腮,挠,扰,挠,,
673,P,蓬,选择题,2选1,蓬荜生辉,蓬,蓬,篷,,
681,P,破,选择题,2选1,势如破竹,破,爆,破,,
690,Q,气,选择题,2选1,天然气,气,汽,气,,
691,Q,气,选择题,2选1,煤气管道,气,气,汽,,
695,Q,砌,选择题,2选1,雕砌,砌,彻,砌,,
696,Q,葺,选择题,2选1,修葺一新,葺,茸,葺,,
699,Q,搴,选择题,2选1,斩将搴旗,搴,搴,骞,,
702,Q,怯,选择题,2选1,卑怯,怯,怯,却,,
703,Q,锲,选择题,2选1,锲而不舍,锲,契,锲,,
704,Q,沁,选择题,2选1,浸人沁脾,沁,沁,心,,
705,Q,清,选择题,2选1,山清水秀,清,青,清,,
709,Q,屈,选择题,2选1,理屈词穷,屈,曲,屈,,
712,Q,却,选择题,2选1,望而却步,却,却,怯,,
713,Q,阙,选择题,2选1,拾遗补阙,阙,缺,阙,,
732,S,煞,选择题,2选1,大煞风景,煞,杀,煞,,
733,S,煞,选择题,2选1,脸色煞白,煞,杀,煞,,
734,S,煞,选择题,2选1,煞费苦心,煞,杀,煞,,
739,S,赏,选择题,2选1,赏心悦目,赏,爽,赏,,
742,S,稍,选择题,2选1,稍纵即逝,稍,少,稍,,
743,S,少,选择题,2选1,少安毋躁,少,稍,少,,
748,S,身,选择题,2选1,终身大事,身,生,身,,
749,S,甚,选择题,2选1,不求甚解,甚,深,甚,,
750,S,升,选择题,2选1,歌舞升平,升,升,生,,
752,S,生,选择题,2选1,素昧平生,生,身,生,,
753,S,生,选择题,2选1,谈笑风生,生,声,生,,
754,S,生,选择题,2选1,奋斗终生,生,生,身,,
758,X,省,选择题,2选1,不省人事,省,省,醒,,
760,S,施,选择题,2选1,发号施令,施,施,司,,
764,S,势,选择题,2选1,势不两立,势,誓,势,,
765,S,饰,选择题,2选1,拒谏饰非,饰,是,饰,,
768,S,拭,选择题,2选1,拭目以待,拭,试,拭,,
773,S,弑,选择题,2选1,弑君夺位,弑,弑,杀,,
774,S,释,选择题,2选1,爱不释手,释,释,失,,
775,S,首,选择题,2选1,首屈一指,首,手,首,,
784,S,铄,选择题,2选1,精神矍铄,铄,烁,铄,,
785,S,铄,选择题,2选1,铄石流金,铄,烁,铄,,
786,S,铄,选择题,2选1,众口铄金,铄,铄,烁,,
787,S,司,选择题,2选1,各司其职,司,施,司,,
794,S,祟,选择题,2选1,鬼鬼祟祟,祟祟,崇崇,祟祟,,
798,T,袒,选择题,2选1,袒胸露臂,袒,袒,坦,,
799,T,炭,选择题,2选1,煤炭,炭,炭,碳,,
800,T,炭,选择题,2选1,生灵涂炭,炭,碳,炭,,
801,T,炭,选择题,2选1,雪中送炭,炭,碳,炭,,
804,T,誊,选择题,2选1,誊写文章,誊,誉,誊,,
808,T,殄,选择题,2选1,暴殄天物,殄,舔,殄,,
814,T,恸,选择题,2选1,千古一恸,恸,痛,恸,,
815,T,头,选择题,2选1,出人头地,头,投,头,,
816,T,头,选择题,2选1,头头是道,头头,投投,头头,,
817,T,投,选择题,2选1,走投无路,投,头,投,,
818,T,投,选择题,2选1,五体投地,投,头,投,,
819,T,图,选择题,2选1,按图索骥,图,图,途,,
828,W,妄,选择题,2选1,妄自菲薄,妄,妄,枉,,
831,W,望,选择题,2选1,名门望族,望,望,旺,,
861,W,纹,选择题,2选1,纹身,纹,汶,纹,,
866,W,紊,选择题,2选1,有条不紊,紊,稳,紊,,
867,W,瓮,选择题,2选1,瓮中捉鳖,瓮,翁,瓮,,
868,W,瓮,选择题,2选1,瓮声瓮气,瓮瓮,翁翁,瓮瓮,,
870,W,屋,选择题,2选1,爱屋及乌,屋,乌,屋,,
871,W,吾,选择题,2选1,支吾其词,吾,吾,无,,
873,W,务,选择题,2选1,财务科,务,物,务,,
874,X,息,选择题,2选1,息事宁人,息,歇,息,,
875,X,息,选择题,2选1,作息时间,息,息,歇,,
878,X,葸,选择题,2选1,畏葸不前,葸,葸,崽,,
879,X,隙,选择题,2选1,无隙可乘,隙,细,隙,,
883,X,显,选择题,2选1,大显身手,显,显,现,,
884,X,跣,选择题,2选1,科头跣足,跣,跣,洗,,
890,X,祥,选择题,2选1,吉祥,祥,详,祥,,
892,X,享,选择题,2选1,坐享其成,享,享,想,,
895,X,像,选择题,2选1,肖像,像,象,像,,
896,X,像,选择题,2选1,显像管,像,象,像,,
897,X,逍,选择题,2选1,逍遥法外,逍,消,逍,,
898,X,销,选择题,2选1,开销,销,销,消,,
904,X,邪,选择题,2选1,改邪归正,邪,邪,斜,,
905,X,邪,选择题,2选1,歪风邪气,邪,邪,斜,,
906,X,邪,选择题,2选1,歪门邪道,邪,斜,邪,,
908,X,偕,选择题,2选1,白头偕老,偕,偕,携,,
913,X,瀣,选择题,2选1,瀣泄一气,瀣,沆,瀣,,
918,X,休,选择题,2选1,休养生息,休,休,修,,
919,X,修,选择题,2选1,学识修养,修,休,修,,
949,Y,魇,选择题,2选1,梦魇,魇,魇,餍,,
968,Y,杳,选择题,2选1,杳无音信,杳,杳,沓,,
970,Y,叶,选择题,2选1,粗枝大叶,叶,叶,意,,
1004,Y,奕,选择题,2选1,神采奕奕,奕奕,奕奕,弈弈,,
1005,Y,弈,选择题,2选1,弈棋,弈,弈,奕,,
1021,Y,肄,选择题,2选1,学习肄业,肄,肄,肆,,
1033,Y,颖,选择题,2选1,脱颖而出,颖,颍,颖,,
1038,Y,雍,选择题,2选1,雍荣华贵,雍,壅,雍,,
1065,Y,渔,选择题,2选1,坐收渔利,渔,鱼,渔,,
1080,Y,蜮,选择题,2选1,鬼蜮伎俩,蜮,蜮,域,,
1083,Y,园,选择题,2选1,园林园丁,园园,圆圆,园园,,
1084,Y,缘,选择题,2选1,缘木求鱼,缘,沿,缘,,
1085,Y,源,选择题,2选1,世外桃源,源,园,源,,
1098,Z,赃,选择题,2选1,贪赃枉法,赃,脏,赃,,
1099,Z,赃,选择题,2选1,坐地分赃,赃,赃,脏,,
1100,Z,赃,选择题,2选1,栽赃陷害,赃,赃,脏,,
1110,Z,崭,选择题,2选1,崭露头角,崭,崭,暂,,
1116,Z,胀,选择题,2选1,肿胀,胀,胀,涨,,
1117,Z,胀,选择题,2选1,通货膨胀,胀,涨,胀,,
1123,Z,肇,选择题,2选1,肇事者,肇,肇,造,,
1124,Z,辄,选择题,2选1,动辄得咎,辄,辄,则,,
1125,Z,辄,选择题,2选1,浅尝辄止,辄,辄,则,,
1126,Z,蛰,选择题,2选1,蛰居,蛰,蜇,蛰,,
1127,Z,鸩,选择题,2选1,饮鸩止渴,鸩,鸩,鸠,,
1131,Z,振,选择题,2选1,振奋人心,振,震,振,,
1132,Z,赈,选择题,2选1,赈济灾民,赈,赈,振,,
1141,Z,郑,选择题,2选1,郑重其事,郑,郑,珍,,
1142,Z,症,选择题,2选1,对症下药,症,针,症,,
1144,Z,执,选择题,2选1,仗义执言,执,执,直,,
1145,Z,止,选择题,2选1,叹为观止,止,之,止,,
1146,Z,指,选择题,2选1,令人发指,指,指,直,,
1147,Z,趾,选择题,2选1,趾高气扬,趾,指,趾,,
1156,Z,炙,选择题,2选1,炙手可热,炙,灸,炙,,
1157,Z,峙,选择题,2选1,两军对峙,峙,峙,恃,,
1158,Z,秩,选择题,2选1,秩序井然,秩,轶,秩,,
1175,Z,绉,选择题,2选1,文绉绉,绉绉,诌诌,绉绉,,
1192,Z,足,选择题,2选1,不足为训,足,作,足,,
1193,Z,纂,选择题,2选1,编纂,纂,纂,篡,,
1199,Z,座,选择题,2选1,座无虚席,座,座,坐,,
1200,Z,做,选择题,2选1,做贼心虚,做,作,做,,
1,A,唉,选择题,3选1,唉声叹气,唉,哀,唉,哎,
5,A,艾,选择题,3选1,方兴未艾,艾,艾,哎,碍,
9,A,暗,选择题,3选1,暗无天日,暗,暗,黯,谙,
10,A,黯,选择题,3选1,黯然泪下,黯,暗,黯,谙,
11,A,黯,选择题,3选1,黯然销魂,黯,暗,黯,谙,
12,A,嗷,选择题,3选1,嗷嗷待哺,嗷嗷,嗷嗷,敖敖,熬熬,
24,B ,扒,选择题,3选1,吃里扒外,扒,帕,扒,八,
25,B ,拔,选择题,3选1,坚忍不拔,拔,拔,拨,跋,
26,B ,跋,选择题,3选1,飞扬跋扈,跋,跋,拔,拨,
28,B ,稗,选择题,3选1,稗官野史,稗,裨,稗,捭,
31,B ,葆,选择题,3选1,永葆青春,葆,保,葆,宝,
41,B ,暴,选择题,3选1,武装暴动,暴,爆,曝,暴,
43,B ,爆,选择题,3选1,爆炸,爆,爆,曝,暴,
51,B ,悖,选择题,3选1,并行不悖,悖,悖,背,辈,
56,B ,荜,选择题,3选1,蓬荜生辉,荜,荜,筚,毕,
60,B ,敝,选择题,3选1,敝帚自珍,敝,蔽,弊,敝,
67,B ,碧,选择题,3选1,金碧辉煌,碧,壁,碧,璧,
68,B ,蔽,选择题,3选1,深受蒙蔽,蔽,蔽,敝,弊,
71,B ,璧,选择题,3选1,白璧微瑕,璧,璧,壁,僻,
72,B ,璧,选择题,3选1,原物璧还,璧,璧,必,壁,
74,B ,辨,选择题,3选1,辨析,辨,辩,辨,辫,
75,B ,辨,选择题,3选1,明辨是非,辨,辩,辨,辫,
76,B ,辩,选择题,3选1,能言善辩,辩,辩,辨,辫,
77,B ,辩,选择题,3选1,辩证法,辩,辩,辨,辫,
79,B ,标,选择题,3选1,标本兼治,标,标,表,裱,
30,B ,绊,选择题,3选1,磕磕绊绊,绊绊,拌拌,绊绊,伴伴,
95,C,才,选择题,3选1,雄才大略,才,才,财,材,
96,C,才,选择题,3选1,才疏学浅,才,才,材,财,
97,C,才,选择题,3选1,才华横溢,才,材,财,才,
98,C,才,选择题,3选1,志大才疏,才,材,财,才,
99,C,材,选择题,3选1,自学成材,材,材,财,才,
100,C,材,选择题,3选1,大材小用,材,材,才,财,
101,C,材,选择题,3选1,因材施教,材,才,财,材,
102,C,裁,选择题,3选1,别出心裁,裁,裁,才,材,
103,C,裁,选择题,3选1,仲裁委员,裁,栽,裁,材,
108,C,彩,选择题,3选1,喝彩,彩,采,睬,彩,
109,C,彩,选择题,3选1,张灯结彩,彩,彩,采,睬,
110,C,彩,选择题,3选1,丰富多彩,彩,彩,采,睬,
112,C,粲,选择题,3选1,粲然一笑,粲,灿,璨,粲,
113,C,璨,选择题,3选1,璀璨夺目,璨,粲,灿,璨,
123,C,长,选择题,3选1,从长计议,长,常,长,尝,
124,C,长,选择题,3选1,万古长青,长,常,尝,长,
143,C,成,选择题,3选1,老成持重,成,成,陈,诚,
156,C,忡,选择题,3选1,忧心忡忡,忡忡,忡忡,冲冲,沖沖,
202,C,蹴,选择题,3选1,一蹴而就,蹴,蹴,促,猝,
215,C,厝,选择题,3选1,厝火积薪,厝,措,厝,错,
216,C,措,选择题,3选1,措手不及,措,错,厝,措,
230,D,戴,选择题,3选1,爱戴,戴,戴,带,代,
231,D,戴,选择题,3选1,拥戴,戴,戴,带,代,
241,D,当,选择题,3选1,独当一面,当,挡,档,当,
242,D,当,选择题,3选1,以一当十,当,当,档,挡,
243,D,当,选择题,3选1,势不可当,当,挡,档,当,
244,D,倒,选择题,3选1,投机倒把,倒,倒,道,捣,
245,D,蹈,选择题,3选1,循规蹈矩,蹈,蹈,捣,导,
253,D,凋,选择题,3选1,草木凋零,凋,凋,雕,碉,
254,D,雕,选择题,3选1,雕虫小技,雕,凋,碉,雕,
255,D,吊,选择题,3选1,提心吊胆,吊,吊,掉,调,
257,D,吊,选择题,3选1,形影相吊,吊,吊,调,掉,
258,D,调,选择题,3选1,调虎离山,调,吊,调,掉,
261,D,迭,选择题,3选1,更迭,迭,叠,迭,跌,
267,D,叠,选择题,3选1,层见叠出,叠,跌,迭,叠,
268,D,叠,选择题,3选1,山峦重叠,叠,跌,叠,迭,
269,D,叠,选择题,3选1,叠床架屋,叠,跌,叠,迭,
270,D,叠,选择题,3选1,层峦叠嶂,叠,跌,迭,叠,
271,D,叠,选择题,3选1,重重叠叠,叠叠,迭迭,叠叠,跌跌,
237,D,眈,选择题,3选1,虎视眈眈,眈眈,眈眈,耽耽,单单,
297,E,噩,选择题,3选1,噩耗,噩,厄,噩,恶,
298,E,噩,选择题,3选1,浑浑噩噩,噩噩,厄厄,噩噩,恶恶,
299,E,厄,选择题,3选1,屡遭厄难,厄,厄,噩,恶,
300,F,番,选择题,3选1,三番五次,番,翻,番,帆,
307,F,反,选择题,3选1,反复无常,反,反,返,翻,
311,F,飞,选择题,3选1,流言飞语,飞,飞,非,菲,
313,F,蜚,选择题,3选1,蜚声文坛,蜚,飞,非,蜚,
315,F,匪,选择题,3选1,匪夷所思,匪,非,匪,斐,
316,F,匪,选择题,3选1,受益匪浅,匪,匪,非,斐,
317,F,斐,选择题,3选1,成绩斐然,斐,斐,非,蜚,
318,F,废,选择题,3选1,半途而废,废,废,费,斐,
326,F,棼,选择题,3选1,治丝益棼,棼,纷,棼,忿,
327,F,奋,选择题,3选1,奋笔疾书,奋,愤,忿,奋,
328,F,奋,选择题,3选1,奋发图强,奋,愤,忿,奋,
333,F,辐,选择题,3选1,辐射,辐,幅,辐,副,
336,F,腑,选择题,3选1,肺腑之言,腑,腑,腹,俯,
337,F,副,选择题,3选1,一副对联,副,副,幅,辐,
341,G,概,选择题,3选1,一概而论,概,盖,慨,概,
342,G,概,选择题,3选1,英雄气概,概,概,慨,盖,
343,G,概,选择题,3选1,以偏概全,概,盖,慨,概,
344,G,竿,选择题,3选1,百尺竿头,竿,竿,杆,干,
345,G,竿,选择题,3选1,立竿见影,竿,竿,杆,干,
346,G,旰,选择题,3选1,宵衣旰食,旰,旰,干,甘,
347,G,刚,选择题,3选1,金刚钻头,刚,钢,刚,岗,
348,G,鲠,选择题,3选1,如鲠在喉,鲠,鲠,梗,耿,
349,G,工,选择题,3选1,鬼斧神工,工,功,弓,工,
350,G,工,选择题,3选1,巧夺天工,工,公,弓,工,
351,G,工,选择题,3选1,异曲同工,工,功,弓,工,
352,G,弓,选择题,3选1,左右开弓,弓,工,功,弓,
357,G,勾,选择题,3选1,一笔勾销,勾,勾,沟,钩,
362,G,鼓,选择题,3选1,一鼓作气,鼓,鼓,股,骨,
366,G,贯,选择题,3选1,万贯家财,贯,冠,罐,贯,
367,G,惯,选择题,3选1,司空见惯,惯,怪,惯,贯,
368,G,灌,选择题,3选1,醍醐灌顶,灌,贯,惯,灌,
369,G,灌,选择题,3选1,灌输知识,灌,贯,惯,灌,
370,G,光,选择题,3选1,发扬光大,光,光,广,关,
371,G,犷,选择题,3选1,性格粗犷,犷,犷,旷,广,
374,G,诡,选择题,3选1,行踪诡秘,诡,诡,鬼,跪,
376,G,果,选择题,3选1,食不果腹,果,裹,果,菓,
378,H,撼,选择题,3选1,震撼人心,撼,憾,撼,悍,
379,H,合,选择题,3选1,貌合神离,合,合,和,阖,
383,H,和,选择题,3选1,曲高和寡,和,合,和,喝,
384,H,阖,选择题,3选1,纵横捭阖,阖,阖,和,合,
386,H,哄,选择题,3选1,哄堂大笑,哄,轰,哄,烘,
389,H,洪,选择题,3选1,宽洪大量,洪,洪,哄,鸿,
390,H,洪,选择题,3选1,声音洪亮,洪,宏,洪,鸿,
391,H,鸿,选择题,3选1,判若鸿沟,鸿,宏,洪,鸿,
392,H,乎,选择题,3选1,忘乎所以,乎,乎,夫,伏,
395,H,画,选择题,3选1,画地为牢,画,画,划,化,
396,H,画,选择题,3选1,刻画人物,画,画,划,化,
397,H,画,选择题,3选1,指手画脚,画,画,划,化,
400,H,涣,选择题,3选1,精神涣散,涣,涣,焕,浣,
403,H,荒,选择题,3选1,兵荒马乱,荒,慌,荒,惶,
405,H,皇,选择题,3选1,富丽堂皇,皇,黄,皇,遑,
408,H,诙,选择题,3选1,诙谐,诙,诙,恢,灰,
409,H,会,选择题,3选1,融会贯通,会,汇,会,惠,
418,J,绩,选择题,3选1,丰功伟绩,绩,绩,迹,记,
420,J,跻,选择题,3选1,跻身三强,跻,挤,跻,剂,
423,J,及,选择题,3选1,迫不及待,及,急,及,极,
424,J,及,选择题,3选1,噬脐莫及,及,急,及,极,
425,J,即,选择题,3选1,不即不离,即,即,及,既,
426,J,即,选择题,3选1,望不可即,即,即,及,既,
427,J,即,选择题,3选1,即便如此,即,即,及,既,
428,J,急,选择题,3选1,气急败坏,急,急,极,及,
429,J,疾,选择题,3选1,大声疾呼,疾,急,疾,极,
433,J,疾,选择题,3选1,眼疾手快,疾,疾,急,极,
436,J,疾,选择题,3选1,手疾眼快,疾,急,疾,极,
437,J,嫉,选择题,3选1,嫉贤妒能,嫉,嫉,疾,极,
438,J,嫉,选择题,3选1,愤世嫉俗,嫉,嫉,疾,极,
445,J,济,选择题,3选1,济济一堂,济济,济济,挤挤,汲汲,
449,J,浃,选择题,3选1,汗流浃背,浃,夹,浃,加,
450,J,浃,选择题,3选1,沦肌浃髓,浃,夹,浃,加,
453,J,假,选择题,3选1,不假思索,假,加,假,家,
454,J,坚,选择题,3选1,坚壁清野,坚,艰,坚,监,
455,J,坚,选择题,3选1,坚不可摧,坚,坚,艰,监,
456,J,坚,选择题,3选1,坚忍不拔,坚,坚,艰,监,
457,J,坚,选择题,3选1,披坚执锐,坚,坚,艰,监,
458,J,坚,选择题,3选1,无坚不摧,坚,坚,艰,监,
459,J,艰,选择题,3选1,步履维艰,艰,艰,坚,监,
460,J,艰,选择题,3选1,历尽艰辛,艰,坚,艰,监,
461,J,艰,选择题,3选1,艰难困苦,艰,艰,坚,监,
463,J,缄,选择题,3选1,缄口不言,缄,箴,缄,碱,
464,J,拣,选择题,3选1,披沙拣金,拣,拣,捡,检,
468,X,见,选择题,3选1,图穷匕见,见,见,现,显,
469,J,渐,选择题,3选1,循序渐进,渐,渐,前,见,
472,J,佼,选择题,3选1,佼佼者,佼佼,皎皎,佼佼,娇娇,
474,J,接,选择题,3选1,移花接木,接,截,接,节,
476,J,节,选择题,3选1,盘根错节,节,节,结,接,
477,J,节,选择题,3选1,不拘小节,节,节,结,诘,
478,J,节,选择题,3选1,细枝末节,节,结,节,截,
482,J,竭,选择题,3选1,尽心竭力,竭,竭,极,接,
483,J,诫,选择题,3选1,谆谆告诫,诫,戒,诫,诘,
486,J,津,选择题,3选1,无人问津,津,斤,津,金,
490,J,兢,选择题,3选1,战战兢兢,兢兢,惊惊,兢兢,菁菁,
491,J,兢,选择题,3选1,兢兢业业,兢兢,兢兢,精精,惊惊,
494,J,儆,选择题,3选1,以儆效尤,儆,警,儆,敬,
495,J,净,选择题,3选1,耳根清净,净,静,净,精,
496,J,胫,选择题,3选1,不胫而走,胫,胫,径,经,
507,J,诀,选择题,3选1,永诀,诀,诀,决,绝,
508,J,绝,选择题,3选1,绝无仅有,绝,决,诀,绝,
509,J,绝,选择题,3选1,赞不绝口,绝,决,诀,绝,
510,J,绝,选择题,3选1,绝对服从,绝,决,诀,绝,
514,J,浚,选择题,3选1,疏浚,浚,浚,峻,竣,
515,J,竣,选择题,3选1,竣工验收,竣,峻,浚,竣,
516,J,竣,选择题,3选1,如期竣工,竣,峻,浚,竣,
520,K,科,选择题,3选1,作奸犯科,科,课,科,稞,
521,K,科,选择题,3选1,照本宣科,科,课,科,稞,
523,K,颗,选择题,3选1,颗粒归仓,颗,棵,颗,稞,
527,K,睽,选择题,3选1,众目睽睽,睽睽,暌暌,睽睽,奎奎,
531,L,赖,选择题,3选1,死皮赖脸,赖,赖,癞,濑,
532,L,蓝,选择题,3选1,蓝天白云,蓝,兰,蓝,岚,
536,L,揽,选择题,3选1,收揽人心,揽,来,揽,拦,
541,L,雷,选择题,3选1,大多雷同,雷,雷,类,磊,
551,L,理,选择题,3选1,入情入理,理,礼,厘,理,
552,L,理,选择题,3选1,伤天害理,理,礼,厘,理,
553,L,理,选择题,3选1,天理难容,理,理,礼,厘,
554,L,理,选择题,3选1,通情达理,理,礼,理,厘,
555,L,理,选择题,3选1,知书达理,理,理,礼,厘,
556,L,理,选择题,3选1,心安理得,理,礼,理,厘,
558,L,力,选择题,3选1,同等学力,力,历,利,力,
559,L,力,选择题,3选1,自力更生,力,立,利,力,
560,L,力,选择题,3选1,自食其力,力,力,利,立,
561,L,历,选择题,3选1,历历在目,历历,历历,厉厉,利利,
576,L,连,选择题,3选1,藕断丝连,连,连,联,莲,
577,L,连,选择题,3选1,留连忘返,连,连,恋,怜,
588,L,鳞,选择题,3选1,一鳞半爪,鳞,鳞,麟,磷,
589,L,吝,选择题,3选1,不吝赐教,吝,吝,另,令,
591,L,流,选择题,3选1,流连忘返,流,流,留,琉,
592,L,流,选择题,3选1,流芳百世,流,流,留,琉,
593,L,陇,选择题,3选1,得陇望蜀,陇,垄,陇,笼,
595,L,碌,选择题,3选1,庸庸碌碌,碌碌,录录,碌碌,琭琭,
596,L,戮,选择题,3选1,戮力同心,戮,戮,戳,剹,
597,L,膂,选择题,3选1,膂力过人,膂,旅,膂,履,
598,L,掠,选择题,3选1,浮光掠影,掠,略,掠,剠,
599,L,略,选择题,3选1,攻城略地,略,掠,略,剠,
605,M,马,选择题,3选1,蛛丝马迹,马,马,蚂,码,
610,M,贸,选择题,3选1,贸然从事,贸,贸,冒,貌,
613,M,懑,选择题,3选1,懑闷不平,懑,懑,愤,奋,
615,M,弥,选择题,3选1,弥天大谎,弥,弥,迷,谜,
616,M,弥,选择题,3选1,欲盖弥彰,弥,弥,迷,谜,
617,M,迷,选择题,3选1,执迷不悟,迷,迷,弥,谜,
627,M,秘,选择题,3选1,秘而不宣,秘,密,秘,蜜,
628,M,秘,选择题,3选1,祖传秘方,秘,密,秘,蜜,
629,M,绵,选择题,3选1,绵里藏针,绵,棉,绵,婂,
630,M,湎,选择题,3选1,沉湎往事,湎,缅,湎,偭,
631,M,缅,选择题,3选1,缅怀先烈,缅,缅,湎,偭,
632,M,缈,选择题,3选1,虚无缥缈,缈,渺,缈,秒,
633,M,藐,选择题,3选1,藐视,藐,藐,缈,渺,
635,M,名,选择题,3选1,不名一文,名,明,名,铭,
636,M,名,选择题,3选1,莫名其妙,名,名,铭,明,
637,M,名,选择题,3选1,巧立名目,名,明,铭,名,
638,M,名,选择题,3选1,至理名言,名,明,铭,名,
639,M,名,选择题,3选1,莫可名状,名,名,铭,明,
646,M,暝,选择题,3选1,薄暮暝暝,暝暝,冥冥,暝暝,瞑瞑,
648,M,命,选择题,3选1,自命不凡,命,名,命,明,
651,M,膜,选择题,3选1,顶礼膜拜,膜,膜,摹,模,
652,M,摩,选择题,3选1,按摩,摩,磨,摹,摩,
653,M,摩,选择题,3选1,摩肩擦背,摩,摩,磨,膜,
654,M,摩,选择题,3选1,摩崖石刻,摩,磨,摩,膜,
655,M,摩,选择题,3选1,观摩教学,摩,磨,摩,膜,
656,M,末,选择题,3选1,穷途末路,末,末,没,莫,
657,M,蓦,选择题,3选1,蓦然,蓦,蓦,募,摩,
658,M,墨,选择题,3选1,墨守成规,墨,默,墨,莫,
659,M,牟,选择题,3选1,谋取牟利,牟,暴,牟,,
660,M,募,选择题,3选1,募捐,募,蓦,募,幕,
662,N,恼,选择题,3选1,恼羞成怒,恼,恼,脑,垴,
663,N,怒,选择题,3选1,金刚怒目,怒,怒,努,弩,
664,N,诺,选择题,3选1,一诺千金,诺,喏,诺,锘,
665,O,殴,选择题,3选1,殴打,殴,殴,欧,呕,
668,O,怄,选择题,3选1,怄气,怄,怄,呕,殴,
669,P,耙,选择题,3选1,倒打一耙,耙,耙,把,拔,
670,P,庖,选择题,3选1,越俎代庖,庖,包,庖,疱,
672,P,帔,选择题,3选1,凤冠霞帔,帔,帔,披,陂,
674,P,披,选择题,3选1,披沙拣金,披,披,帔,批,
675,P,劈,选择题,3选1,劈头盖脸,劈,辟,劈,僻,
677,P,品,选择题,3选1,品头品足,品品,评评,品品,频频,
679,P,屏,选择题,3选1,屏气凝神,屏,摒,屏,平,
680,P,叵,选择题,3选1,居心叵测,叵,叵,不,抔,
682,P,仆,选择题,3选1,前仆后继,仆,扑,仆,朴,
683,P,仆,选择题,3选1,风尘仆仆,仆仆,仆仆,扑扑,朴朴,
684,P,扑,选择题,3选1,扑朔迷离,扑,朴,仆,扑,
685,P,璞,选择题,3选1,浑玉璞金,璞,朴,仆,璞,
686,Q,其,选择题,3选1,出其不意,其,奇,崎,其,
687,Q,其,选择题,3选1,夸夸其谈,其,奇,崎,其,
688,Q,其,选择题,3选1,出其不意,其,其,崎,奇,
689,Q,棋,选择题,3选1,星罗棋布,棋,旗,琪,棋,
692,Q,气,选择题,3选1,气度不凡,气,器,气,汽,
693,Q,讫,选择题,3选1,起讫,讫,讫,迄,乞,
694,Q,迄,选择题,3选1,迄今为止,迄,讫,乞,迄,
697,Q,洽,选择题,3选1,洽商,洽,洽,恰,冾,
698,Q,洽,选择题,3选1,博识洽闻,洽,恰,洽,冾,
700,Q,歉,选择题,3选1,深致歉意,歉,欠,歉,芡,
701,Q,乔,选择题,3选1,乔装打扮,乔,乔,巧,桥,
706,Q,曲,选择题,3选1,委曲求全,曲,屈,曲,驱,
707,Q,曲,选择题,3选1,委曲婉转,曲,曲,屈,驱,
708,Q,屈,选择题,3选1,宁死不屈,屈,屈,曲,驱,
710,Q,屈,选择题,3选1,能屈能伸,屈,曲,驱,屈,
711,Q,券,选择题,3选1,稳操胜券,券,卷,券,倦,
714,Q,鹊,选择题,3选1,声名鹊起 ,鹊,雀,鹊,榷,
715,Q,榷,选择题,3选1,尚待商榷,榷,雀,确,榷,
716,R,然,选择题,3选1,防患未然,然,然,燃,嘫,
717,R,仁,选择题,3选1,麻木不仁,仁,忍,仁,人,
718,R,仁,选择题,3选1,当仁不让,仁,仁,人,任,
719,R,仁,选择题,3选1,为富不仁,仁,忍,仁,人,
720,R,仁,选择题,3选1,一视同仁,仁,人,仁,任,
721,R,荏,选择题,3选1,色厉内荏,荏,忍,荏,仁,
722,R,融,选择题,3选1,其乐融融,融融,溶溶,融融,容容,
724,R,融,选择题,3选1,春光融融,融融,溶溶,融融,容容,
728,R,孺,选择题,3选1,孺子可教,孺,儒,濡,孺,
729,R,濡,选择题,3选1,耳濡目染,濡,儒,濡,孺,
731,S,沙,选择题,3选1,泥沙俱下,沙,砂,沙,纱,
735,S,姗,选择题,3选1,姗姗来迟,姗姗,姗姗,跚跚,讪讪,
736,S,珊,选择题,3选1,意兴阑珊,珊,姗,珊,栅,
737,S,煽,选择题,3选1,煽风点火,煽,扇,煽,骟,
738,S,煽,选择题,3选1,煽动,煽,扇,煽,骟,
740,S,上,选择题,3选1,无上光荣,上,上,尚,赏,
741,S,尚,选择题,3选1,礼尚往来,尚,上,尚,赏,
744,S,申,选择题,3选1,引申义,申,伸,申,升,
745,S,申,选择题,3选1,三令五申,申,伸,申,升,
746,S,伸,选择题,3选1,延伸,伸,伸,申,升,
747,S,身,选择题,3选1,门里出身,身,生,身,升,
751,S,生,选择题,3选1,舍生取义,生,身,声,生,
755,S,生,选择题,3选1,老生常谈,生,声,身,生,
756,S,声,选择题,3选1,声东击西,声,伸,申,声,
757,S,声,选择题,3选1,严正声明,声,申,声,伸,
759,S,盛,选择题,3选1,盛况空前,盛,胜,盛,圣,
761,S,史,选择题,3选1,史无前例,史,史,士,世,
762,S,世,选择题,3选1,人情世故,世,事,士,世,
763,S,事,选择题,3选1,无事生非,事,是,事,士,
766,S,恃,选择题,3选1,恃才傲物,恃,持,恃,侍,
767,S,恃,选择题,3选1,有恃无恐,恃,持,恃,侍,
769,S,是,选择题,3选1,招惹是非,是,事,适,是,
770,S,是,选择题,3选1,各行其是,是,是,适,事,
771,S,适,选择题,3选1,适得其反,适,事,是,适,
772,S,适,选择题,3选1,无所适从,适,适,是,事,
776,S,抒,选择题,3选1,各抒己见,抒,抒,纾,书,
777,S,纾,选择题,3选1,毁家纾难,纾,纾,抒,书,
778,S,疏,选择题,3选1,仗义疏财,疏,疏,输,署,
779,S,赎,选择题,3选1,立功赎罪,赎,渎,赎,牍,
780,S,署,选择题,3选1,签署,署,蜀,署,曙,
781,S,署,选择题,3选1,公署,署,蜀,署,曙,
782,S,蜀,选择题,3选1,乐不思蜀,蜀,蜀,署,曙,
783,S,曙,选择题,3选1,曙色,曙,蜀,署,曙,
788,S,厮,选择题,3选1,厮杀,厮,撕,厮,斯,
789,S,悚,选择题,3选1,毛骨悚然,悚,悚,耸,怂,
790,S,耸,选择题,3选1,耸人听闻,耸,悚,耸,怂,
791,S,耸,选择题,3选1,危言耸听,耸,悚,耸,怂,
792,S,诵,选择题,3选1,传诵一时,诵,颂,诵,讼,
793,S,溯,选择题,3选1,追本溯源,溯,朔,溯,嗍,
795,T,沓,选择题,3选1,杂沓,沓,沓,踏,蹋,
796,T,沓,选择题,3选1,纷至沓来,沓,踏,蹋,沓,
797,T,塌,选择题,3选1,死心塌地,塌,踏,塌,榻,
802,T,堂,选择题,3选1,富丽堂皇,堂,堂,唐,塘,
803,T,陶,选择题,3选1,其乐陶陶,陶陶,陶陶,淘淘,涛涛,
805,T,提,选择题,3选1,提纲挈领,提,提,题,缇,
806,T,题,选择题,3选1,金榜题名,题,提,题,缇,
807,T,恬,选择题,3选1,恬不知耻,恬,恬,括,栝,
809,T,亭,选择题,3选1,亭亭玉立,亭亭,亭亭,婷婷,停停,
810,T,庭,选择题,3选1,大庭广众,庭,庭,廷,挺,
811,T,庭,选择题,3选1,门庭若市,庭,庭,廷,挺,
812,T,庭,选择题,3选1,大相径庭,庭,廷,庭,挺,
813,T,铤,选择题,3选1,铤而走险,铤,铤,挺,廷,
820,T,荼,选择题,3选1,如火如荼,荼,茶,荼,涂,
821,T,荼,选择题,3选1,荼毒生灵,荼,涂,荼,徒,
822,T,蜕,选择题,3选1,蜕化变质,蜕,退,蜕,褪,
823,T,托,选择题,3选1,推托生病,托,托,脱,拓,
824,T,脱,选择题,3选1,推脱责任,脱,托,脱,拓,
826,W,枉,选择题,3选1,枉费心机,枉,妄,忘,枉,
827,W,罔,选择题,3选1,置若罔闻,罔,罔,惘,莣,
829,W,妄,选择题,3选1,痴心妄想,妄,枉,妄,忘,
830,W,妄,选择题,3选1,无妄之灾,妄,妄,忘,望,
832,W,望,选择题,3选1,喜出望外,望,望,往,枉,
833,W,危,选择题,3选1,正襟危坐,危,危,威,微,
837,W,帷,选择题,3选1,运筹帷幄,帷,惟,帷,维,
860,W,温,选择题,3选1,不温不火,温,昷,温,揾,
862,W,文,选择题,3选1,文过饰非,文,文,闻,纹,
863,W,文,选择题,3选1,不名一文,文,文,闻,纹,
864,W,纹,选择题,3选1,波纹,纹,文,闻,纹,
865,W,闻,选择题,3选1,闻过则喜,闻,文,闻,纹,
869,W,乌,选择题,3选1,乌合之众,乌,污,乌,吾,
872,E,恶,选择题,3选1,除恶勿尽,恶,务,恶,厄,
876,X,皙,选择题,3选1,白皙,皙,晰,皙,淅,
877,X,嬉,选择题,3选1,文恬武嬉,嬉,嘻,嬉,禧,
880,X,遐,选择题,3选1,遐迩闻名,遐,遐,瑕,暇,
881,X,暇,选择题,3选1,目不暇接,暇,瑕,瑕,暇,
882,X,暇,选择题,3选1,应接不暇,暇,暇,遐,瑕,
885,X,现,选择题,3选1,昙花一现,现,现,献,显,
886,X,现,选择题,3选1,丢人现眼,现,显,献,现,
887,X,现,选择题,3选1,现身说法,现,现,显,献,
888,X,相,选择题,3选1,照相机,相,象,像,相,
889,X,相,选择题,3选1,真相大白,相,象,像,相,
891,X,祥,选择题,3选1,不祥之兆,祥,祥,详,降,
894,X,象,选择题,3选1,万象更新,象,象,相,像,
899,X,销,选择题,3选1,销声匿迹,销,销,消,霄,
902,X,潇,选择题,3选1,风雨潇潇,潇潇,萧萧,潇潇,消消,
903,X,霄,选择题,3选1,响彻云霄,霄,霄,宵,潇,
907,X,胁,选择题,3选1,胁从不问,胁,胁,协,挟,
909,X,携,选择题,3选1,扶老携幼,携,偕,携,挟,
910,X,泄,选择题,3选1,水泄不通,泄,泻,懈,泄,
911,X,泻,选择题,3选1,一泻千里,泻,泄,懈,泻,
912,X,懈,选择题,3选1,无懈可击,懈,泄,懈,泻,
916,X,惺,选择题,3选1,惺惺作态,惺惺,猩猩,惺惺,星星,
917,X,汹,选择题,3选1,气势汹汹,汹汹,汹汹,凶凶,讻讻,
920,X,秀,选择题,3选1,不郎不秀,秀,莠,秀,绣,
921,X,嘘,选择题,3选1,自我嘘嘘,嘘嘘,吹吁,嘘嘘,须须,
922,X,嘘,选择题,3选1,嘘寒问暖,嘘,吁,嘘,须,
923,X,栩,选择题,3选1,栩栩如生,栩栩,诩诩,栩栩,煦煦,
944,Y,恹,选择题,3选1,恹恹欲睡,恹恹,厌厌,恹恹,炎炎,
950,Y,赝,选择题,3选1,赝品,赝,膺,赝,魇,
969,Y,耀,选择题,3选1,耀武扬威,耀,耀,跃,曜,
971,Y,曳,选择题,3选1,弃甲曳兵,曳,拽,曳,曵,
972,Y,腋,选择题,3选1,集腋成裘,腋,腋,液,掖,
974,Y,揖,选择题,3选1,开门揖盗,揖,缉,揖,偮,
978,Y,贻,选择题,3选1,贻笑大方,贻,遗,贻,宜,
979,Y,贻,选择题,3选1,贻害无穷,贻,贻,遗,以,
1016,Y,意,选择题,3选1,意气用事,意,义,议,意,
1017,Y,意,选择题,3选1,意气风发,意,意,议,义,
1018,Y,意,选择题,3选1,词不达意,意,义,意,议,
1024,Y,臆,选择题,3选1,直抒胸臆,臆,臆,意,噫,
1025,Y,因,选择题,3选1,陈陈相因,因,因,应,营,
1026,Y,茵,选择题,3选1,绿草如茵,茵,荫,阴,茵,
1027,Y,荫,选择题,3选1,绿树成荫,荫,荫,阴,茵,
1029,Y,垠,选择题,3选1,一望无垠,垠,银,荫,垠,
1030,Y,隐,选择题,3选1,隐隐约约,隐隐,影影,隐隐,阴阴,
1031,Y,印,选择题,3选1,心心相印,印,映,应,印,
1032,Y,应,选择题,3选1,连锁反应,应,映,应,印,
1034,Y,影,选择题,3选1,影影绰绰,影影,隐隐,影影,阴阴,
1035,Y,拥,选择题,3选1,蜂拥而至,拥,拥,踊,涌,
1036,Y,拥,选择题,3选1,一拥而入,拥,涌,踊,拥,
1037,Y,庸,选择题,3选1,毋庸讳言,庸,庸,用,拥,
1039,Y,壅,选择题,3选1,壅塞不通,壅,拥,壅,涌,
1040,Y,俑,选择题,3选1,始作俑者,俑,踊,涌,俑,
1043,Y,优,选择题,3选1,优柔寡断,优,犹,攸,优,
1056,Y,尤,选择题,3选1,怨天尤人,尤,尤,龙,犹,
1057,Y,尤,选择题,3选1,无耻之尤,尤,尤,龙,犹,
1058,Y,犹,选择题,3选1,过犹不及,犹,尤,龙,犹,
1059,Y,犹,选择题,3选1,困兽犹斗,犹,尤,龙,犹,
1061,Y,囿,选择题,3选1,囿于成见,囿,宥,囿,侑,
1062,Y,予,选择题,3选1,生杀予夺,予,与,予,于,
1063,Y,予,选择题,3选1,不予置评,予,与,予,矛,
1074,Y,吁,选择题,3选1,气喘吁吁,吁吁,吁吁,嘘嘘,须须,
1075,Y,吁,选择题,3选1,长吁短叹,吁,嘘,吁,须,
1076,Y,喻,选择题,3选1,不言而喻,喻,语,喻,育,
1079,Y,毓,选择题,3选1,钟灵毓秀,毓,毓,玉,钰,
1081,Y,元,选择题,3选1,大伤元气,元,元,原,源,
1082,Y,员,选择题,3选1,幅员辽阔,员,员,圆,园,
1086,Y,远,选择题,3选1,源远流长,远,源,远,园,
1088,Y,芸,选择题,3选1,芸芸众生,芸芸,纭纭,芸芸,云云,
1089,Y,殒,选择题,3选1,殒身不恤,殒,殒,陨,郧,
1101,Z,凿,选择题,3选1,言之凿凿,凿凿,凿凿,足足,慥慥,
1102,Z,燥,选择题,3选1,燥热,燥,躁,燥,噪,
1103,Z,燥,选择题,3选1,口干舌燥,燥,燥,躁,噪,
1104,Z,躁,选择题,3选1,不骄不躁,躁,燥,躁,噪,
1105,Z,则,选择题,3选1,以身作则,则,则,责,择,
1108,Z,沾,选择题,3选1,沾沾自喜,沾沾,玷玷,沾沾,粘粘,
1109,Z,沾,选择题,3选1,沾亲带故,沾,玷,沾,粘,
1115,Z,仗,选择题,3选1,明火执仗,仗,杖,仗,帐,
1118,Z,胀,选择题,3选1,热胀冷缩,胀,涨,胀,仗,
1128,Z,振,选择题,3选1,重振旗鼓,振,整,振,震,
1129,Z,振,选择题,3选1,振聋发聩,振,震,振,整,
1130,Z,振,选择题,3选1,振振有词,振振,震震,振振,阵阵,
1133,Z,震,选择题,3选1,震撼,震,震,振,阵,
1173,Z,仲,选择题,3选1,仲裁,仲,仲,中,重,
1174,Z,州,选择题,3选1,九州方圆,州,洲,州,舟,
1176,Z,皱,选择题,3选1,皱纹,皱,皱,绉,诌,
1179,Z,诸,选择题,3选1,付诸东流,诸,之,诸,至,
1180,Z,伫,选择题,3选1,伫立,伫,伫,贮,驻,
1181,Z,撞,选择题,3选1,招摇撞骗,撞,装,撞,幢,
1182,Z,坠,选择题,3选1,摇摇欲坠,坠,堕,坠,赘,
1183,Z,惴,选择题,3选1,惴惴不安,惴惴,揣揣,惴惴,缀缀,
1186,Z,拙,选择题,3选1,心劳日拙,拙,拙,绌,灼,
1187,Z,灼,选择题,3选1,真知灼见,灼,灼,卓,拙,
1189,Z,宗,选择题,3选1,开宗明义,宗,宗,中,综,
1190,Z,宗,选择题,3选1,万变不离其宗,宗,中,宗,综,
1191,Z,足,选择题,3选1,足智多谋,足,卓,足,助,
1194,Z,左,选择题,3选1,虚左以待,左,左,座,坐,
1195,Z,作,选择题,3选1,一鼓作气,作,足,作,做,
1196,Z,坐,选择题,3选1,坐落,坐,座,坐,作,
1197,Z,坐,选择题,3选1,坐标系,坐,坐,座,作,
1198,Z,座,选择题,3选1,座右铭,座,坐,座,作,
13,A,遨,选择题,4选1,遨游,遨,遨,翱,敖,嗷
14,A,翱,选择题,4选1,翱翔,翱,翱,遨,敖,嗷
15,A,鳌,选择题,4选1,独占鳌头,鳌,鳌,螯,熬,傲
16,A,奥,选择题,4选1,文辞奥博,奥,奥,敖,澳,懊
17,A,奥,选择题,4选1,奥妙无穷,奥,奥,敖,澳,懊
18,A,奥,选择题,4选1,奥秘,奥,奥,敖,澳,懊
19,A,奥,选择题,4选1,深奥,奥,奥,敖,澳,懊
20,A,骜,选择题,4选1,桀骜不驯,骜,傲,骜,敖,嗷
21,A,澳,选择题,4选1,进口澳毛,澳,奥,敖,澳,懊
22,A,懊,选择题,4选1,懊丧,懊,奥,敖,澳,懊
23,A,懊,选择题,4选1,懊悔不已,懊,奥,敖,澳,懊
29,B ,坂,选择题,4选1,坂上走丸,坂,坂,板,扳,版
37,B ,暴,选择题,4选1,暴乱,暴,瀑,曝,爆,暴
38,B ,暴,选择题,4选1,暴躁,暴,爆,暴,瀑,曝
39,B ,暴,选择题,4选1,暴发户,暴,爆,瀑,曝,暴
40,B ,暴,选择题,4选1,山洪暴发,暴,暴,瀑,曝,爆
42,B ,暴,选择题,4选1,自暴自弃,暴,曝,瀑,曝,暴
45,B ,碑,选择题,4选1,有口皆碑,碑,杯,碑,卑,椑
46,B ,备,选择题,4选1,推崇备至,备,倍,备,背,辈
47,B ,备,选择题,4选1,关怀备至,备,备,背,辈,倍
48,B ,备,选择题,4选1,备受欢迎,备,倍,备,辈,被
49,B ,备,选择题,4选1,艰苦备尝,备,备,背,辈,倍
50,B ,倍,选择题,4选1,英雄倍出,倍,辈,备,倍,被
53,B ,毕,选择题,4选1,凶相毕露,毕,必,毕,避,闭
54,B ,毕,选择题,4选1,原形毕露,毕,必,避,闭,毕
59,B ,敝,选择题,4选1,民生凋敝,敝,敝,蔽,弊,鄙
61,B ,愎,选择题,4选1,刚愎自用,愎,裨,稗,脾,愎
62,B ,裨,选择题,4选1,大有裨益,裨,裨,稗,脾,啤
63,B ,辟,选择题,4选1,辟谣,辟,辟,劈,僻,避
64,B ,辟,选择题,4选1,鞭辟入里,辟,辟,僻,避,劈
65,B ,辟,选择题,4选1,独辟蹊径,辟,辟,僻,避,劈
66,B ,辟,选择题,4选1,开天辟地,辟,辟,劈,僻,避
69,B ,壁,选择题,4选1,坚壁清野,壁,辟,壁,碧,璧
70,B ,壁,选择题,4选1,壁垒森严,壁,辟,壁,碧,璧
78,B ,彪,选择题,4选1,彪柄千古,彪,彪,标,飚,裱
80,B ,膘,选择题,4选1,膘肥体壮,膘,骠,膘,瞟,镖
81,B ,镳,选择题,4选1,分道扬镳,镳,镳,标,镖,飚
82,B ,播,选择题,4选1,掂斤播两,播,播,拨,博,搏
83,B ,博,选择题,4选1,地大物博,博,搏,播,博,薄
84,B ,搏,选择题,4选1,脉搏微弱,搏,搏,播,博,薄
85,B ,补,选择题,4选1,大有补益,补,布,补,步,部
86,B ,捕,选择题,4选1,捕食昆虫,捕,捕,哺,埔,补
87,B ,布,选择题,4选1,布防,布,布,补,步,部
88,B ,布,选择题,4选1,布设,布,布,补,步,部
89,B ,布,选择题,4选1,除旧布新,布,布,补,步,部
90,B ,布,选择题,4选1,开诚布公,布,布,不,步,部
91,B ,部,选择题,4选1,军事部署,部,布,部,补,步
92,B ,部,选择题,4选1,按部就班,部,步,补,步,部
93,B ,部,选择题,4选1,部署已定,部,部,补,步,布
104,C,采,选择题,4选1,兴高采烈,采,采,彩,踩,睬
105,C,采,选择题,4选1,神采飞扬,采,采,踩,睬,彩
106,C,采,选择题,4选1,风采动人,采,采,踩,睬,彩
107,C,釆,选择题,4选1,无精打釆,釆,彩,釆,踩,睬
114,C,沧,选择题,4选1,沧海桑田,沧,沧,苍,仓,舱
115,C,苍,选择题,4选1,苍茫大海,苍,苍,仓,舱,沧
116,C,恻,选择题,4选1,恻隐之心,恻,测,恻,侧,则
117,C,恻,选择题,4选1,缠绵悱恻,恻,恻,侧,测,则
120,C,伥,选择题,4选1,为虎作伥,伥,昌,猖,伥,怅
121,C,昌,选择题,4选1,昌盛,昌,昌,猖,伥,怅
122,C,猖,选择题,4选1,猖獗,猖,昌,猖,伥,怅
125,C,尝,选择题,4选1,艰苦备尝,尝,常,偿,尝,长
126,C,尝,选择题,4选1,尝试,尝,常,偿,尝,长
127,C,偿,选择题,4选1,无偿援助,偿,常,偿,尝,长
130,C,彻,选择题,4选1,洞彻事理,彻,撤,彻,掣,澈
131,C,掣,选择题,4选1,风驰电掣,掣,撤,彻,掣,澈
132,C,掣,选择题,4选1,相互掣肘,掣,撤,彻,掣,澈
133,C,撤,选择题,4选1,撤编,撤,撤,彻,掣,澈
134,C,澈,选择题,4选1,清澈,澈,撤,彻,掣,澈
144,C,成,选择题,4选1,一成不变,成,层,成,承,程
145,C,成,选择题,4选1,相辅相成,成,成,承,程,层
146,C,成,选择题,4选1,墨守成规,成,成,诚,程,陈
147,C,承,选择题,4选1,一脉相承,承,成,程,承,陈
148,C,诚,选择题,4选1,推诚相见,诚,诚,层,程,陈
149,C,程,选择题,4选1,计日程功,程,成,承,层,程
151,C,弛,选择题,4选1,纲纪废弛,弛,弛,驰,池,迟
152,C,弛,选择题,4选1,一张一弛,弛,驰,弛,池,迟
153,C,齿,选择题,4选1,人所不齿,齿,齿,耻,侈,啮
157,C,筹,选择题,4选1,一筹莫展,筹,愁,筹,畴,踌
158,C,酬,选择题,4选1,报酬,酬,酬,踌,畴,筹
159,C,绌,选择题,4选1,相形见绌,绌,拙,础,绌,黜
160,C,黜,选择题,4选1,罢黜百家,黜,黜,绌,拙,础
161,C,川,选择题,4选1,川流不息,川,穿,川,串,汌
162,C,穿,选择题,4选1,百步穿杨,穿,穿,川,汌,串
163,C,垂,选择题,4选1,垂询,垂,捶,锤,垂,唾
164,C,垂,选择题,4选1,功败垂成,垂,捶,锤,垂,唾
165,C,垂,选择题,4选1,垂暮之年,垂,捶,锤,垂,唾
166,C,陲,选择题,4选1,边陲,陲,捶,陲,垂,唾
167,C,捶,选择题,4选1,捶胸顿足,捶,捶,锤,垂,唾
168,C,捶,选择题,4选1,捶打,捶,捶,锤,垂,唾
169,C,锤,选择题,4选1,锤炼,锤,捶,锤,垂,唾
170,C,锤,选择题,4选1,千锤百炼,锤,捶,锤,垂,唾
196,C,促,选择题,4选1,大力促成,促,蹴,促,悴,猝
197,C,促,选择题,4选1,局促不安,促,蹴,促,悴,猝
198,C,促,选择题,4选1,促膝谈心,促,蹴,促,悴,猝
199,C,促,选择题,4选1,急促,促,蹴,促,悴,猝
200,C,猝,选择题,4选1,猝不及防,猝,蹴,促,悴,猝
201,C,猝,选择题,4选1,猝然死亡,猝,蹴,促,悴,猝
203,C,萃,选择题,4选1,出类拔萃,萃,萃,瘁,淬,粹
204,C,瘁,选择题,4选1,鞠躬尽瘁,瘁,瘁,淬,萃,粹
205,C,粹,选择题,4选1,保护国粹,粹,萃,粹,瘁,淬
206,C,搓,选择题,4选1,搓揉,搓,搓,撮,蹉,磋
207,C,搓,选择题,4选1,搓弄手绢,搓,搓,撮,蹉,磋
208,C,搓,选择题,4选1,搓洗,搓,搓,撮,蹉,磋
209,C,搓,选择题,4选1,搓手,搓,搓,撮,蹉,磋
210,C,磋,选择题,4选1,切磋琢磨,磋,磋,蹉,撮,搓
211,C,磋,选择题,4选1,磋商,磋,搓,撮,蹉,磋
212,C,磋,选择题,4选1,磋磨,磋,搓,撮,蹉,磋
213,C,撮,选择题,4选1,撮合,撮,搓,撮,蹉,磋
214,C,蹉,选择题,4选1,蹉跎,蹉,搓,撮,蹉,磋
129,C,彻,选择题,4选1,彻头彻尾,彻彻,撤撤,彻彻,掣掣,澈澈
217,D,代,选择题,4选1,代沟,代,带,代,待,戴
218,D,代,选择题,4选1,代替,代,带,代,待,戴
219,D,代,选择题,4选1,新陈代谢,代,带,代,待,戴
220,D,带,选择题,4选1,捎带,带,带,代,待,戴
221,D,带,选择题,4选1,附带,带,带,代,待,戴
222,D,待,选择题,4选1,以逸待劳,待,代,带,待,怠
223,D,待,选择题,4选1,严阵以待,待,待,代,带,怠
224,D,待,选择题,4选1,对待,待,带,代,待,戴
225,D,待,选择题,4选1,接待,待,带,代,待,戴
226,D,待,选择题,4选1,严阵以待,待,带,代,待,戴
227,D,待,选择题,4选1,自不待言,待,带,代,待,戴
228,D,殆,选择题,4选1,百战不殆,殆,贻,待,殆,怠
229,D,贷,选择题,4选1,严惩不贷,贷,待,贷,贻,殆
232,D,戴,选择题,4选1,不共戴天,戴,代,待,带,戴
233,D,戴,选择题,4选1,感恩戴德,戴,戴,带,代,待
234,D,戴,选择题,4选1,披星戴月,戴,带,代,待,戴
235,D,戴,选择题,4选1,披红戴花,戴,戴,带,代,待
236,D,戴,选择题,4选1,戴罪立功,戴,带,代,待,戴
238,D,殚,选择题,4选1,殚精竭虑,殚,惮,殚,瘅,弹
239,D,瘅,选择题,4选1,彰善瘅恶,瘅,惮,殚,弹,瘅
240,D,惮,选择题,4选1,肆无忌惮,惮,殚,弹,瘅,惮
246,D,敌,选择题,4选1,工力悉敌,敌,敌,砥,坻,抵
247,D,敌,选择题,4选1,势均力敌,敌,抵,敌,砥,坻
248,D,敌,选择题,4选1,寡不敌众,敌,抵,砥,坻,敌
249,D,砥,选择题,4选1,中流砥柱,砥,砥,抵,坻,敌
250,D,蒂,选择题,4选1,根深蒂固,蒂,蒂,砥,抵,底
251,D,玷,选择题,4选1,玷辱,玷,沾,惦,玷,掂
252,D,玷,选择题,4选1,玷污清白,玷,惦,掂,沾,玷
256,D,吊,选择题,4选1,吊销执照,吊,吊,调,掉,钓
259,D,掉,选择题,4选1,掉以轻心,掉,掉,吊,调,钓
260,D,掉,选择题,4选1,尾大不掉,掉,吊,调,掉,钓
263,D,谍,选择题,4选1,间谍,谍,碟,谍,蝶,喋
264,D,谍,选择题,4选1,谍报,谍,碟,谍,蝶,喋
265,D,喋,选择题,4选1,喋血,喋,碟,谍,蝶,喋
266,D,喋,选择题,4选1,喋喋不休,喋喋,碟碟,谍谍,蝶蝶,喋喋
272,D,牒,选择题,4选1,通牒,牒,碟,谍,牒,喋
273,D,碟,选择题,4选1,小菜一碟,碟,碟,谍,蝶,喋
274,D,蝶,选择题,4选1,蝴蝶,蝶,碟,谍,蝶,喋
286,D,渎,选择题,4选1,亵渎,渎,渎,牍,椟,赎
287,D,椟,选择题,4选1,买椟还珠,椟,赎,渎,牍,椟
288,D,牍,选择题,4选1,连篇累牍,牍,牍,赎,渎,椟
289,D,黩,选择题,4选1,穷兵黩武,黩,渎,牍,椟,黩
310,F,防,选择题,4选1,冷不防,防,防,妨,仿,访
319,F,废,选择题,4选1,废寝忘食,废,废,费,斐,悱
320,F,废,选择题,4选1,因噎废食,废,费,废,斐,悱
321,F,费,选择题,4选1,费尽心思,费,废,费,斐,悱
322,F,费,选择题,4选1,浪费金钱,费,费,废,斐,悱
329,F,敷,选择题,4选1,入不敷出,敷,敷,付,服,负
330,F,伏,选择题,4选1,降龙伏虎,伏,服,付,负,伏
331,F,伏,选择题,4选1,认罪伏法,伏,扶,伏,付,服
332,F,孚,选择题,4选1,不孚众望,孚,孚,浮,负,服
338,F,副,选择题,4选1,付副食品,副,付,辐,幅,副
353,G,攻,选择题,4选1,以毒攻毒,攻,攻,工,弓,功
354,G,恭,选择题,4选1,玩世不恭,恭,公,功,恭,躬
355,G,恭,选择题,4选1,洗耳恭听,恭,躬,功,恭,公
358,G,垢,选择题,4选1,藏垢纳污,垢,诟,垢,姤,茩
359,G,垢,选择题,4选1,蓬头垢面,垢,垢,姤,茩,诟
360,G,沽,选择题,4选1,沽名钓誉,沽,沽,估,钴,咕
363,G,贯,选择题,4选1,恶贯满盈,贯,贯,灌,惯,掼
364,G,贯,选择题,4选1,全神贯注,贯,灌,惯,掼,贯
365,G,贯,选择题,4选1,如雷贯耳,贯,灌,惯,贯,掼
372,G,轨,选择题,4选1,图谋不轨,轨,规,轨,归,诡
373,G,轨,选择题,4选1,步入正轨,轨,规,归,诡,轨
380,H,和,选择题,4选1,和盘托出,和,和,合,阖,盒
381,H,和,选择题,4选1,和衷共济,和,和,合,阖,盒
382,H,和,选择题,4选1,随声附和,和,和,合,喝,何
393,H,怙,选择题,4选1,怙恶不悛,怙,怙,沽,估,钴
398,H,寰,选择题,4选1,惨绝人寰,寰,圜,寰,嬛,缳
399,H,幻,选择题,4选1,变幻莫测,幻,换,幻,还,焕
401,H,焕,选择题,4选1,焕然一新,焕,焕,涣,浣,换
404,H,皇,选择题,4选1,张皇失措,皇,惶,皇,慌,荒
406,H,遑,选择题,4选1,不遑顾及,遑,惶,皇,遑,煌
407,H,灰,选择题,4选1,心灰意懒,灰,恢,灰,诙,挥
410,H,讳,选择题,4选1,直言不讳,讳,晦,讳,悔,诲
411,H,慧,选择题,4选1,独具慧眼,慧,慧,惠,诲,彗
412,H,慧,选择题,4选1,拾人牙慧,慧,惠,诲,彗,慧
413,H,慧,选择题,4选1,秀外慧中,慧,惠,慧,彗,诲
414,H,诨,选择题,4选1,插科打诨,诨,诨,浑,混,涽
416,J,迹,选择题,4选1,模范事迹,迹,迹,绩,剂,记
417,J,积,选择题,4选1,处心积虑,积,集,积,及,机
419,J,缉,选择题,4选1,通缉,缉,辑,缉,偮,集
421,J,稽,选择题,4选1,无稽之谈,稽,稽,计,讥,机
422,J,激,选择题,4选1,激浊扬清,激,激,击,急,极
431,J,疾,选择题,4选1,疾恶如仇,疾,急,嫉,极,疾
432,J,疾,选择题,4选1,疾言厉色,疾,急,嫉,极,疾
434,J,疾,选择题,4选1,痛心疾首,疾,嫉,疾,急,极
435,J,疾,选择题,4选1,振笔疾书,疾,嫉,极,疾,急
439,J,掎,选择题,4选1,掎角之势,掎,奇,掎,崎,骑
440,J,计,选择题,4选1,不计其数,计,计,记,纪,级
441,J,伎,选择题,4选1,鬼蜮伎俩,伎,技,伎,计,记
442,J,忌,选择题,4选1,投鼠忌器,忌,忌,计,记,技
443,J,既,选择题,4选1,既往不究,既,继,既,及,即
444,J,既,选择题,4选1,一如既往,既,既,继,及,即
446,J,济,选择题,4选1,无济于事,济,计,济,机,技
447,J,继,选择题,4选1,焚膏继晷,继,继,及,即,既
448,J,继,选择题,4选1,继往开来,继,既,及,即,继
452,J,贾,选择题,4选1,余勇可贾,贾,沽,贾,估,鼓
466,J,减,选择题,4选1,偷工减料,减,简,减,捡,拣
467,J,简,选择题,4选1,精兵简政,简,减,简,捡,拣
470,J,鉴,选择题,4选1,可资借鉴,鉴,戒,鉴,笺,践
471,J,鉴,选择题,4选1,前车之鉴,鉴,戒,鉴,笺,践
473,J,矫,选择题,4选1,矫揉造作,矫,娇,矫,姣,骄
487,J,禁,选择题,4选1,弱不禁风,禁,禁,经,劲,尽
488,J,禁,选择题,4选1,情不自禁,禁,禁,经,劲,尽
493,J,儆,选择题,4选1,惩一儆百,儆,禁,儆,敬,警
497,J,境,选择题,4选1,事过境迁,境,景,境,镜,静
499,J,赳,选择题,4选1,雄赳赳,赳赳,纠纠,赳赳,揪揪,啾啾
504,J,倨,选择题,4选1,前倨后恭,倨,踞,倨,据,剧
505,J,踞,选择题,4选1,龙盘虎踞,踞,踞,据,剧,据
506,J,决,选择题,4选1,决不罢休,决,绝,决,诀,倔
511,J,崛,选择题,4选1,文笔奇崛,崛,崛,倔,掘,剧
512,J,厥,选择题,4选1,大放厥词,厥,厥,獗,撅,噘
513,J,蹶,选择题,4选1,一蹶不振,蹶,蹶,獗,厥,撅
519,K,亢,选择题,4选1,不卑不亢,亢,亢,吭,坑,阬
528,K,篑,选择题,4选1,功亏一篑,篑,蒉,篑,溃,馈
529,K,聩,选择题,4选1,昏聩无能,聩,馈,聩,溃,篑
533,L,谰,选择题,4选1,无耻谰言,谰,滥,谰,烂,澜
534,L,斓,选择题,4选1,五色斑斓,斓,斓,澜,谰,岚
535,L,斓,选择题,4选1,五彩斑斓,斓,斓,澜,谰,岚
537,L,滥,选择题,4选1,陈词滥调,滥,烂,滥,褴,漤
538,L,滥,选择题,4选1,粗制滥造,滥,烂,滥,褴,漤
539,L,滥,选择题,4选1,滥竽充数,滥,烂,滥,褴,漤
540,L,滥,选择题,4选1,宁缺毋滥,滥,滥,烂,褴,漤
545,L,礼,选择题,4选1,彬彬有礼,礼,理,礼,里,厘
546,L,礼,选择题,4选1,分庭抗礼,礼,礼,里,厘,理
547,L,礼,选择题,4选1,先礼后兵,礼,理,里,厘,礼
549,L,里,选择题,4选1,鞭辟入里,里,理,里,厘,哩
550,L,理,选择题,4选1,强词夺理,理,礼,厘,哩,理
557,L,力,选择题,4选1,水力发电,力,力,利,立,历
562,L,厉,选择题,4选1,变本加厉,厉,厉,历,利,立
563,L,厉,选择题,4选1,雷厉风行,厉,历,厉,利,立
564,L,厉,选择题,4选1,厉兵秣马,厉,厉,历,励,立
565,L,厉,选择题,4选1,厉行节约,厉,励,历,厉,立
566,L,厉,选择题,4选1,铺张扬厉,厉,利,历,厉,立
567,L,厉,选择题,4选1,再接再厉,厉,励,厉,历,立
568,L,励,选择题,4选1,励精图治,励,厉,历,励,立
569,L,沥,选择题,4选1,披肝沥胆,沥,厉,历,沥,立
572,L,栗,选择题,4选1,不寒而栗,栗,立,栗,粟,立
586,L,缭,选择题,4选1,眼花缭乱,缭,缭,撩,燎,瞭
587,L,邻,选择题,4选1,毗邻,邻,邻,临,岭,令
600,L,伦,选择题,4选1,无与伦比,伦,伦,论,轮,仑
601,L,伦,选择题,4选1,语无伦次,伦,论,轮,仑,伦
602,L,纶,选择题,4选1,羽扇纶巾,纶,纶,论,仑,伦
603,L,轮,选择题,4选1,美轮美奂,轮,轮,纶,论,仑
604,L,论,选择题,4选1,论功行赏,论,轮,纶,仑,论
606,M,谩,选择题,4选1,无礼谩骂,谩,漫,谩,慢,曼
607,M,慢,选择题,4选1,慢条斯理,慢,漫,谩,慢,曼
608,M,漫,选择题,4选1,漫不经心,漫,慢,谩,漫,曼
614,M,懵,选择题,4选1,懵懂无知,懵,懵,朦,蒙,萌
618,M,糜,选择题,4选1,糜烂不堪,糜,糜,靡,麋,蘼
619,M,縻,选择题,4选1,羁縻,縻,靡,縻,麋,蘼
620,M,靡,选择题,4选1,奢靡,靡,靡,糜,麋,蘼
621,M,靡,选择题,4选1,望风披靡,靡,靡,糜,麋,蘼
622,M,靡,选择题,4选1,靡日不思,靡,糜,靡,麋,蘼
623,M,靡,选择题,4选1,靡靡之音,靡靡,靡靡,糜糜,麋麋,蘼蘼
624,M,靡,选择题,4选1,天下靡然,靡,靡,糜,麋,蘼
625,M,靡,选择题,4选1,风靡一时,靡,糜,靡,麋,蘼
626,M,靡,选择题,4选1,萎靡不振,靡,靡,糜,麋,蘼
643,M,鸣,选择题,4选1,自鸣得意,鸣,鸣,铭,明,名
644,M,冥,选择题,4选1,冥思苦想,冥,冥,瞑,溟,暝
645,M,冥,选择题,4选1,苦思冥想,冥,冥,瞑,溟,暝
647,M,瞑,选择题,4选1,死不瞑目,瞑,瞑,冥,溟,暝
649,M,摹,选择题,4选1,描摹,摹,模,摹,膜,摩
650,M,摹,选择题,4选1,临摹书法,摹,摩,模,膜,摹
666,O,瓯,选择题,4选1,金瓯无缺,瓯,沤,瓯,呕,殴
667,O,呕,选择题,4选1,呕心沥血,呕,沤,呕,瓯,殴
671,P,炮,选择题,4选1,如法炮制,炮,泡,炮,刨,疱
676,P,剽,选择题,4选1,剽悍,剽,剽,骠,瞟,飚
678,P,平,选择题,4选1,平心而论,平,平,凭,评,屏
723,R,融,选择题,4选1,水乳交融,融,溶,融,荣,容
725,R,揉,选择题,4选1,矫揉造作,揉,揉,糅,柔,蹂
726,R,糅,选择题,4选1,古今杂糅,糅,糅,揉,柔,蹂
727,R,茹,选择题,4选1,含辛茹苦,茹,茹,如,汝,侞
730,R,缛,选择题,4选1,繁文缛节,缛,溽,缛,褥,辱
825,T,唾,选择题,4选1,唾手可得,唾,捶,锤,垂,唾
834,W,围,选择题,4选1,腰围,围,位,围,维,尾
835,W,围,选择题,4选1,氛围,围,位,围,维,尾
836,W,唯,选择题,4选1,唯我独尊,唯,为,帷,维,唯
838,W,帷,选择题,4选1,帷幕,帷,惟,帷,维,唯
839,W,惟,选择题,4选1,惟命是从,惟,惟,帷,维,为
840,W,惟,选择题,4选1,惟妙惟肖,惟惟,惟惟,帷帷,维维,唯唯
841,W,维,选择题,4选1,维系人心,维,惟,帷,维,唯
842,W,维,选择题,4选1,变化维新,维,惟,帷,维,唯
843,W,维,选择题,4选1,维护,维,惟,帷,维,唯
844,W,维,选择题,4选1,三维,维,惟,帷,维,唯
845,W,维,选择题,4选1,维新变法,维,惟,帷,维,唯
846,W,尾,选择题,4选1,畏首畏尾,尾,委,韦,尾,诿
847,W,尾,选择题,4选1,接近尾声,尾,委,韦,尾,诿
848,W,委,选择题,4选1,穷原竟委,委,委,韦,尾,诿
849,W,委,选择题,4选1,委决不下,委,委,韦,萎,诿
850,W,娓,选择题,4选1,娓娓而谈,娓娓,围围,维维,娓娓,尾尾
851,W,诿,选择题,4选1,互相推诿,诿,委,韦,萎,诿
852,W,萎,选择题,4选1,百花萎谢,萎,委,韦,萎,诿
853,W,蔚,选择题,4选1,蔚为大观,蔚,慰,蔚,尉,味
854,W,蔚,选择题,4选1,蔚蓝,蔚,慰,蔚,尉,味
855,W,蔚,选择题,4选1,蔚然成风,蔚,慰,蔚,尉,味
856,W,慰,选择题,4选1,欣慰,慰,慰,蔚,尉,味
857,W,慰,选择题,4选1,慰问,慰,慰,蔚,尉,味
858,W,慰,选择题,4选1,聊以自慰,慰,慰,蔚,尉,味
859,W,慰,选择题,4选1,告慰,慰,慰,蔚,尉,味
893,X,向,选择题,4选1,人心向背,向,项,像,象,向
900,X,销,选择题,4选1,吊销执照,销,销,消,霄,肖
901,X,销,选择题,4选1,积毁销骨,销,消,削,肖,销
914,X,心,选择题,4选1,别出心裁,心,新,心,兴,芯
915,X,兴,选择题,4选1,望洋兴叹,兴,心,兴,新,信
924,X,绪,选择题,4选1,茫无头绪,绪,绪,序,续,徐
925,X,绪,选择题,4选1,千头万绪,绪,序,绪,续,徐
926,X,轩,选择题,4选1,轩然大波,轩,轩,喧,宣,渲
927,X,宣,选择题,4选1,宣泄,宣,宣,渲,暄,喧
928,X,宣,选择题,4选1,无法宣泄,宣,宣,渲,暄,喧
929,X,宣,选择题,4选1,宣化,宣,宣,渲,暄,喧
930,X,宣,选择题,4选1,宣告,宣,宣,渲,暄,喧
931,X,宣,选择题,4选1,宣读,宣,宣,渲,暄,喧
932,X,宣,选择题,4选1,宣传,宣,宣,渲,暄,喧
933,X,喧,选择题,4选1,锣鼓喧天,喧,宣,渲,暄,喧
934,X,喧,选择题,4选1,喧哗,喧,宣,渲,暄,喧
935,X,喧,选择题,4选1,喧嚣一时,喧,宣,渲,暄,喧
936,X,喧,选择题,4选1,喧宾夺主,喧,宣,渲,暄,喧
937,X,暄,选择题,4选1,寒暄,暄,宣,渲,暄,喧
938,X,眩,选择题,4选1,令人目眩,眩,眩,炫,玄,铉
939,X,渲,选择题,4选1,渲染,渲,宣,渲,暄,喧
940,X,寻,选择题,4选1,寻章摘句,寻,循,寻,旬,询
941,X,徇,选择题,4选1,徇情枉法,徇,殉,徇,旬,询
942,X,殉,选择题,4选1,以身殉国,殉,徇,殉,旬,询
943,Y,揠,选择题,4选1,揠苗助长,揠,偃,揠,堰,匽
945,Y,湮,选择题,4选1,湮没无闻,湮,淹,湮,演,沿
946,Y,言,选择题,4选1,察言观色,言,颜,言,沿,延
947,Y,沿,选择题,4选1,沿袭成规,沿,沿,延,演,言
948,Y,颜,选择题,4选1,和颜悦色,颜,颜,言,艳,延
951,Y,泱,选择题,4选1,泱泱大国,泱泱,央央,泱泱,殃殃,秧秧
952,Y,殃,选择题,4选1,祸国殃民,殃,殃,秧,泱,央
953,Y,洋,选择题,4选1,洋洋洒洒,洋洋,洋洋,扬扬,羊羊,阳阳
954,Y,谣,选择题,4选1,歌谣,谣,谣,摇,瑶,遥
955,Y,谣,选择题,4选1,谣传,谣,谣,摇,瑶,遥
956,Y,摇,选择题,4选1,招摇撞骗,摇,谣,摇,瑶,遥
957,Y,摇,选择题,4选1,摇摇欲坠,摇摇,谣谣,摇摇,瑶瑶,遥遥
958,Y,摇,选择题,4选1,摇唇鼓舌,摇,谣,摇,瑶,遥
959,Y,摇,选择题,4选1,动摇,摇,谣,摇,瑶,遥
960,Y,摇,选择题,4选1,人心摇惑,摇,谣,摇,瑶,遥
961,Y,摇,选择题,4选1,扶摇直上,摇,谣,摇,瑶,遥
962,Y,遥,选择题,4选1,遥远,遥,谣,摇,瑶,遥
963,Y,遥,选择题,4选1,遥遥无期,遥遥,谣谣,摇摇,瑶瑶,遥遥
964,Y,遥,选择题,4选1,千里之遥,遥,谣,摇,瑶,遥
965,Y,遥,选择题,4选1,遥相呼应,遥,谣,摇,瑶,遥
966,Y,遥,选择题,4选1,遥控,遥,谣,摇,瑶,遥
967,Y,瑶,选择题,4选1,瑶池,瑶,谣,摇,瑶,遥
973,Y,伊,选择题,4选1,下车伊始,伊,一,伊,以,宜
975,Y,怡,选择题,4选1,怡然自得,怡,贻,饴,宜,怡
976,Y,怡,选择题,4选1,心旷神怡,怡,饴,贻,宜,怡
977,Y,饴,选择题,4选1,甘之如饴,饴,怡,贻,宜,饴
980,Y,遗,选择题,4选1,不遗余力,遗,遗,贻,以,仪
981,Y,倚,选择题,4选1,倚仗权势,倚,倚,依,以,仪
982,Y,倚,选择题,4选1,倚老卖老,倚,以,倚,已,易
983,Y,义,选择题,4选1,断章取义,义,意,义,议,异
984,Y,义,选择题,4选1,深明大义,义,意,义,议,异
985,Y,义,选择题,4选1,天经地义,义,仪,意,义,异
986,Y,义,选择题,4选1,忘恩负义,义,义,意,议,异
987,Y,义,选择题,4选1,微言大义,义,义,意,议,异
988,Y,义,选择题,4选1,义正词严,义,意,义,议,易
989,Y,义,选择题,4选1,毫无疑义,义,异,意,义,议
990,Y,义,选择题,4选1,正义,义,异,意,义,议
991,Y,义,选择题,4选1,言不及义,义,异,意,义,议
992,Y,义,选择题,4选1,义无反顾,义,异,意,义,议
993,Y,忆,选择题,4选1,回忆,忆,忆,意,义,议
994,Y,议,选择题,4选1,商议,议,异,意,义,议
995,Y,议,选择题,4选1,议题,议,异,意,义,议
996,Y,议,选择题,4选1,议定,议,异,意,义,议
997,Y,议,选择题,4选1,议而不决,议,异,意,义,议
998,Y,议,选择题,4选1,不可思议,议,异,意,义,议
999,Y,异,选择题,4选1,变异,异,异,意,义,议
1000,Y,异,选择题,4选1,异口同声,异,异,意,义,议
1001,Y,异,选择题,4选1,异想天开,异,异,意,义,议
1002,Y,易,选择题,4选1,不易之论,易,异,意,易,议
1003,Y,绎,选择题,4选1,演绎推理,绎,译,绎,泽,择
1006,Y,益,选择题,4选1,多多益善,益,益,溢,义,议
1007,Y,益,选择题,4选1,集思广益,益,益,溢,义,议
1008,Y,逸,选择题,4选1,一劳永逸,逸,逸,易,异,依
1009,Y,意,选择题,4选1,意气风发,意,异,意,义,议
1010,Y,意,选择题,4选1,意在言外,意,异,意,义,议
1011,Y,意,选择题,4选1,差强人意,意,异,意,义,议
1012,Y,意,选择题,4选1,刻意追求,意,异,意,义,议
1013,Y,意,选择题,4选1,出其不意,意,异,意,义,议
1014,Y,意,选择题,4选1,意向,意,异,意,义,议
1015,Y,意,选择题,4选1,大意,意,异,意,义,议
1019,Y,溢,选择题,4选1,溢美之词,溢,益,溢,义,议
1020,Y,溢,选择题,4选1,飘溢,溢,益,溢,义,议
1022,Y,熠,选择题,4选1,熠熠生辉,熠熠,益益,溢溢,熠熠,奕奕
1023,Y,臆,选择题,4选1,臆断,臆,臆,意,义,议
1028,Y,喑,选择题,4选1,万马齐喑,喑,喑,暗,谙,黯
1041,Y,勇,选择题,4选1,勇往直前,勇,永,踊,涌,勇
1042,Y,踊,选择题,4选1,踊跃报名,踊,踊,涌,拥,勇
1044,Y,忧,选择题,4选1,杞人忧天,忧,悠,忧,幽,犹
1045,Y,忧,选择题,4选1,忧虑,忧,悠,忧,优,犹
1046,Y,攸,选择题,4选1,生死攸关,攸,悠,攸,优,犹
1047,Y,攸,选择题,4选1,利害攸关,攸,悠,攸,优,犹
1048,Y,幽,选择题,4选1,幽禁,幽,悠,忧,幽,犹
1049,Y,幽,选择题,4选1,幽深,幽,悠,忧,幽,犹
1050,Y,幽,选择题,4选1,幽怨,幽,悠,忧,幽,犹
1051,Y,幽,选择题,4选1,幽幽啜泣,幽幽,幽幽,忧忧,优优,犹犹
1052,Y,悠,选择题,4选1,悠荡,悠,悠,攸,优,犹
1053,Y,忧,选择题,4选1,忧伤,忧,悠,忧,优,犹
1054,Y,悠,选择题,4选1,岁月悠长,悠,悠,忧,幽,犹
1060,Y,犹,选择题,4选1,记忆犹新,犹,犹,尤,龙,优
1064,Y,娱,选择题,4选1,娱乐,娱,愉,逾,娱,瑜
1066,Y,隅,选择题,4选1,向隅而泣,隅,偶,隅,耦,榆
1067,Y,愉,选择题,4选1,愉悦,愉,愉,逾,揄,瑜
1068,Y,揄,选择题,4选1,揶揄,揄,愉,逾,揄,瑜
1069,Y,揄,选择题,4选1,揄扬大义,揄,愉,逾,揄,瑜
1070,Y,逾,选择题,4选1,欣喜逾常,逾,愉,逾,揄,瑜
1071,Y,逾,选择题,4选1,不可逾越,逾,愉,逾,揄,瑜
1072,Y,瑜,选择题,4选1,瑜伽,瑜,愉,逾,揄,瑜
1073,Y,瑜,选择题,4选1,瑕不掩瑜,瑜,愉,逾,喻,瑜
1077,Y,喻,选择题,4选1,喻之以理,喻,愉,逾,喻,瑜
1078,Y,寓,选择题,4选1,寓意深长,寓,寓,逾,喻,瑜
1087,Y,纭,选择题,4选1,纷纭,纭,云,蕴,酝,纭
1090,Y,孕,选择题,4选1,孕育,孕,韵,蕴,酝,孕
1091,Y,孕,选择题,4选1,水稻孕穗,孕,韵,蕴,酝,孕
1092,Y,酝,选择题,4选1,酝酿,酝,韵,蕴,酝,孕
1093,Y,愠,选择题,4选1,愠色,愠,愠,蕴,揾,孕
1094,Y,韵,选择题,4选1,韵味古朴,韵,韵,蕴,酝,孕
1095,Y,韵,选择题,4选1,韵致,韵,韵,蕴,酝,孕
1096,Y,蕴,选择题,4选1,蕴蓄,蕴,韵,蕴,酝,孕
1097,Y,蕴,选择题,4选1,蕴藏,蕴,韵,蕴,酝,孕
1055,Y,悠,选择题,4选1,悠悠长夜,悠悠,悠悠,忧忧,优优,犹犹
1106,Z,咋,选择题,4选1,令人咋舌,咋,乍,咋,诈,拃
1107,Z,诈,选择题,4选1,敲诈勒索,诈,诈,榨,渣,拃
1111,Z,张,选择题,4选1,改弦更张,张,章,张,嶂,障
1112,Z,彰,选择题,4选1,欲盖弥彰,彰,章,彰,嶂,障
1113,Z,涨,选择题,4选1,涨红了脸,涨,胀,涨,账,仗
1114,Z,涨,选择题,4选1,头昏脑涨,涨,胀,涨,账,仗
1119,Z,嶂,选择题,4选1,层峦叠嶂,嶂,嶂,障,章,瘴
1120,Z,瘴,选择题,4选1,乌烟瘴气,瘴,瘴,脏,章,嶂
1121,Z,招,选择题,4选1,招摇撞骗,招,招,造,召,昭
1122,Z,昭,选择题,4选1,昭然若揭,昭,照,昭,招,召
1134,Z,争,选择题,4选1,争执,争,挣,争,睁,铮
1135,Z,争,选择题,4选1,争论,争,挣,争,睁,铮
1136,Z,争,选择题,4选1,意气之争,争,挣,争,睁,铮
1137,Z,征,选择题,4选1,旁征博引,征,征,证,政,怔
1138,Z,挣,选择题,4选1,挣扎,挣,挣,争,睁,铮
1139,Z,睁,选择题,4选1,眼睁睁,睁睁,挣挣,争争,睁睁,铮铮
1140,Z,铮,选择题,4选1,铮铮悦耳,铮铮,挣挣,争争,睁睁,铮铮
1143,Z,之,选择题,4选1,安之若素,之,之,置,制,至
1148,Z,至,选择题,4选1,精诚所至,至,致,至,制,置
1149,Z,至,选择题,4选1,仁至义尽,至,至,致,制,置
1150,Z,至,选择题,4选1,无所不至,至,致,至,制,置
1151,Z,制,选择题,4选1,出奇制胜,制,致,制,至,置
1152,Z,制,选择题,4选1,后发制人,制,治,制,至,置
1153,Z,制,选择题,4选1,如法炮制,制,制,治,至,置
1154,Z,制,选择题,4选1,因地制宜,制,治,制,至,置
1155,Z,制,选择题,4选1,先发制人,制,制,治,至,置
1159,Z,致,选择题,4选1,专心致志,致,致,志,置,至
1160,Z,致,选择题,4选1,闲情逸致,致,志,置,至,致
1161,Z,置,选择题,4选1,推心置腹,置,置,至,志,致
1162,Z,忠,选择题,4选1,忠言相告,忠,衷,忠,中,钟
1163,Z,忠,选择题,4选1,忠诚,忠,衷,忠,中,钟
1164,Z,忠,选择题,4选1,忠心耿耿,忠,衷,忠,中,钟
1165,Z,忠,选择题,4选1,一心效忠,忠,衷,忠,中,钟
1166,Z,钟,选择题,4选1,老态龙钟,钟,钟,肿,中,忠
1167,Z,钟,选择题,4选1,一见钟情,钟,衷,忠,中,钟
1168,Z,衷,选择题,4选1,互诉衷情,衷,衷,忠,中,钟
1169,Z,衷,选择题,4选1,莫衷一是,衷,中,衷,忠,钟
1170,Z,衷,选择题,4选1,言不由衷,衷,衷,中,忠,钟
1171,Z,衷,选择题,4选1,衷心感谢,衷,中,衷,忠,钟
1172,Z,衷,选择题,4选1,莫衷一是,衷,衷,中,忠,钟
1177,Z,诛,选择题,4选1,口诛笔伐,诛,株,诛,珠,蛛
1178,Z,株,选择题,4选1,株连无辜,株,诛,株,珠,蛛
1184,Z,卓,选择题,4选1,远见卓识,卓,灼,卓,拙,绌
1185,Z,拙,选择题,4选1,弄巧成拙,拙,拙,绌,灼,茁
1188,Z,锱,选择题,4选1,锱铢必较,锱,淄,锱,缁,甾
